Country or Area,Year,Global Name,Region Name,Sub-region Name,M49 Code,ISO-alpha2 Code,ISO-alpha3 Code,Capital city population (as a percentage of total population),Capital city population (as a percentage of total urban population),Capital city population (thousands),Life expectancy at birth for both sexes (years),Life expectancy at birth for females (years),Life expectancy at birth for males (years),Population annual rate of increase (percent),Total fertility rate (children per women),Urban population (percent),Life expectancy difference (years) from mean,Total fertility difference (children per woman) from mean
Afghanistan,2005,World,Asia,Southern Asia,4,AF,AFG,11.6,51.0,2905.0,56.996,58.29,55.79,4.214,7.1816,22.7,-12.257634703196324,4.176101141552512
Afghanistan,2010,World,Asia,Southern Asia,4,AF,AFG,11.4,48.1,3289.0,59.632,61.02,58.34,2.579,6.4784,23.7,-9.621634703196328,3.4729011415525113
Afghanistan,2015,World,Asia,Southern Asia,4,AF,AFG,11.0,44.5,3724.0,62.321,63.79,60.93,3.296,5.4467,24.8,-6.932634703196328,2.4412011415525114
Albania,2005,World,Europe,Southern Europe,8,AL,ALB,12.1,25.8,372.0,74.822,77.75,72.25,-0.273,1.9465,46.7,5.568365296803677,-1.0589988584474885
Albania,2010,World,Europe,Southern Europe,8,AL,ALB,13.9,26.6,409.0,75.639,78.54,73.16,-0.92,1.64,52.2,6.38536529680367,-1.3654988584474885
Albania,2015,World,Europe,Southern Europe,8,AL,ALB,15.4,26.8,449.0,77.487,79.96,75.21,-0.394,1.7135,57.4,8.233365296803669,-1.2919988584474884
Algeria,2005,World,Africa,Northern Africa,12,DZ,DZA,6.9,10.7,2282.0,71.827,73.24,70.47,1.314,2.3843,63.8,2.573365296803672,-0.6211988584474883
Algeria,2010,World,Africa,Northern Africa,12,DZ,DZA,6.7,10.0,2432.0,74.169,75.43,72.95,1.637,2.724,67.5,4.915365296803671,-0.28149885844748823
Algeria,2015,World,Africa,Northern Africa,12,DZ,DZA,6.5,9.2,2592.0,75.513,76.71,74.36,1.983,2.96,70.8,6.259365296803679,-0.045498858447488466
Angola,2005,World,Africa,Sub-Saharan Africa,24,AO,AGO,19.8,35.4,3872.0,48.05,50.37,45.9,3.4,6.55,56.0,-21.20363470319633,3.5445011415525114
Angola,2010,World,Africa,Sub-Saharan Africa,24,AO,AGO,22.7,37.9,5300.0,52.686,55.26,50.29,3.677,6.35,59.8,-16.567634703196326,3.344501141552511
Angola,2015,World,Africa,Sub-Saharan Africa,24,AO,AGO,25.2,39.7,7023.0,57.74,60.51,55.15,3.544,6.0,63.4,-11.513634703196324,2.9945011415525116
Argentina,2005,World,Americas,Latin America and the Caribbean,32,AR,ARG,34.1,37.8,13330.0,74.018,77.41,70.57,1.068,2.48,90.0,4.764365296803675,-0.5254988584474884
Argentina,2010,World,Americas,Latin America and the Caribbean,32,AR,ARG,34.6,38.0,14246.0,74.868,78.24,71.43,1.004,2.37,90.8,5.614365296803669,-0.6354988584474883
Argentina,2015,World,Americas,Latin America and the Caribbean,32,AR,ARG,33.9,37.0,14706.0,75.675,79.04,72.23,1.039,2.33,91.5,6.421365296803671,-0.6754988584474884
Armenia,2005,World,Asia,Western Asia,51,AM,ARM,36.5,57.0,1087.0,72.369,75.33,69.1,-0.584,1.65,63.9,3.115365296803674,-1.3554988584474885
Armenia,2010,World,Asia,Western Asia,51,AM,ARM,37.0,58.4,1066.0,72.739,75.84,69.36,-0.71,1.72,63.4,3.4853652968036783,-1.2854988584474885
Armenia,2015,World,Asia,Western Asia,51,AM,ARM,36.7,58.2,1071.0,73.988,77.03,70.64,0.333,1.7202,63.1,4.734365296803674,-1.2852988584474885
Australia,2005,World,Oceania,Australia and New Zealand,36,AU,AUS,1.8,2.1,366.0,80.336,82.84,77.81,1.213,1.7739,84.6,11.082365296803673,-1.2315988584474884
Australia,2010,World,Oceania,Australia and New Zealand,36,AU,AUS,1.8,2.1,398.0,81.476,83.77,79.19,1.869,1.9525,85.2,12.222365296803673,-1.0529988584474885
Australia,2015,World,Oceania,Australia and New Zealand,36,AU,AUS,1.8,2.1,429.0,82.363,84.45,80.28,1.544,1.885,85.7,13.109365296803674,-1.1204988584474884
Austria,2005,World,Europe,Western Europe,40,AT,AUT,19.9,33.8,1641.0,78.92,81.7,75.9,0.452,1.3796,58.8,9.666365296803676,-1.6258988584474885
Austria,2010,World,Europe,Western Europe,40,AT,AUT,20.6,35.9,1731.0,80.13,82.79,77.3,0.375,1.3993,57.4,10.87636529680367,-1.6061988584474884
Austria,2015,World,Europe,Western Europe,40,AT,AUT,21.1,36.6,1835.0,80.986,83.48,78.37,0.629,1.4488,57.7,11.732365296803678,-1.5566988584474883
Azerbaijan,2005,World,Asia,Western Asia,31,AZ,AZE,21.9,41.7,1867.0,67.438,70.28,64.57,0.999,1.9,52.4,-1.8156347031963236,-1.1054988584474885
Azerbaijan,2010,World,Asia,Western Asia,31,AZ,AZE,22.8,42.7,2062.0,70.095,73.35,66.87,1.125,1.83,53.4,0.8413652968036729,-1.1754988584474884
Azerbaijan,2015,World,Asia,Western Asia,31,AZ,AZE,22.9,41.9,2206.0,71.568,74.55,68.58,1.266,2.09,54.7,2.314365296803672,-0.9154988584474886
Bahrain,2005,World,Asia,Western Asia,48,BH,BHR,22.3,25.2,198.0,74.92,75.85,74.18,5.822,2.65,88.4,5.666365296803676,-0.3554988584474885
Bahrain,2010,World,Asia,Western Asia,48,BH,BHR,23.5,26.6,292.0,75.689,76.7,74.91,6.666,2.25,88.6,6.435365296803667,-0.7554988584474884
Bahrain,2015,World,Asia,Western Asia,48,BH,BHR,32.1,36.1,441.0,76.41,77.46,75.61,2.007,2.12,89.0,7.156365296803671,-0.8854988584474883
Bangladesh,2005,World,Asia,Southern Asia,50,BD,BGD,8.6,32.1,12331.0,66.601,67.34,65.95,1.708,2.9356,26.8,-2.652634703196327,-0.06989885844748844
Bangladesh,2010,World,Asia,Southern Asia,50,BD,BGD,9.7,31.8,14731.0,68.834,69.99,67.83,1.192,2.4821,30.5,-0.4196347031963228,-0.5233988584474885
Bangladesh,2015,World,Asia,Southern Asia,50,BD,BGD,10.9,31.8,17597.0,70.792,72.38,69.43,1.143,2.2115,34.3,1.5383652968036756,-0.7939988584474884
Belarus,2005,World,Europe,Eastern Europe,112,BY,BLR,18.4,25.5,1775.0,67.832,73.65,62.32,-0.637,1.2551,72.4,-1.4216347031963323,-1.7503988584474883
Belarus,2010,World,Europe,Eastern Europe,112,BY,BLR,19.5,26.2,1850.0,69.259,75.19,63.56,-0.298,1.4423,74.7,0.005365296803674369,-1.5631988584474885
Belarus,2015,World,Europe,Eastern Europe,112,BY,BLR,20.5,26.6,1945.0,72.446,77.95,66.84,0.04,1.6489,77.2,3.192365296803672,-1.3565988584474884
Belgium,2005,World,Europe,Western Europe,56,BE,BEL,17.6,18.0,1853.0,78.375,81.36,75.34,0.509,1.6836,97.4,9.121365296803674,-1.3218988584474884
Belgium,2010,World,Europe,Western Europe,56,BE,BEL,17.6,18.0,1926.0,79.57,82.27,76.79,0.73,1.821,97.7,10.316365296803667,-1.1844988584474885
Belgium,2015,World,Europe,Western Europe,56,BE,BEL,17.7,18.1,2002.0,80.524,83.0,77.97,0.628,1.7807,97.9,11.270365296803675,-1.2247988584474885
Bosnia and Herzegovina,2005,World,Europe,Southern Europe,70,BA,BIH,9.0,20.6,342.0,74.814,77.44,72.03,0.075,1.318,44.0,5.560365296803667,-1.6874988584474884
Bosnia and Herzegovina,2010,World,Europe,Southern Europe,70,BA,BIH,9.2,20.2,342.0,75.531,78.07,72.87,-0.321,1.312,45.6,6.27736529680368,-1.6934988584474884
Bosnia and Herzegovina,2015,World,Europe,Southern Europe,70,BA,BIH,9.7,20.5,342.0,76.519,78.91,74.05,-1.549,1.314,47.2,7.2653652968036795,-1.6914988584474884
Brazil,2005,World,Americas,Latin America and the Caribbean,76,BR,BRA,1.8,2.1,3301.0,70.963,74.86,67.24,1.257,2.13,82.8,1.7093652968036679,-0.8754988584474885
Brazil,2010,World,Americas,Latin America and the Caribbean,76,BR,BRA,1.9,2.2,3710.0,72.8,76.63,69.09,1.004,1.86,84.3,3.546365296803671,-1.1454988584474883
Brazil,2015,World,Americas,Latin America and the Caribbean,76,BR,BRA,2.0,2.4,4168.0,74.342,78.04,70.71,0.876,1.77,85.8,5.088365296803673,-1.2354988584474884
Bulgaria,2005,World,Europe,Eastern Europe,100,BG,BGR,15.2,21.6,1169.0,72.197,75.75,68.8,-0.793,1.252,70.6,2.9433652968036768,-1.7534988584474884
Bulgaria,2010,World,Europe,Eastern Europe,100,BG,BGR,16.4,22.7,1216.0,73.138,76.75,69.67,-0.693,1.519,72.3,3.8843652968036793,-1.4864988584474885
Bulgaria,2015,World,Europe,Eastern Europe,100,BG,BGR,17.5,23.6,1256.0,74.251,77.78,70.83,-0.616,1.516,74.0,4.997365296803679,-1.4894988584474884
Burkina Faso,2005,World,Africa,Sub-Saharan Africa,854,BF,BFA,9.9,45.9,1328.0,51.606,52.56,50.5,2.904,6.4306,21.5,-17.647634703196324,3.4251011415525117
Burkina Faso,2010,World,Africa,Sub-Saharan Africa,854,BF,BFA,11.2,45.3,1742.0,55.272,55.84,54.57,3.014,6.0789,24.6,-13.981634703196328,3.0734011415525115
Burkina Faso,2015,World,Africa,Sub-Saharan Africa,854,BF,BFA,12.2,44.1,2200.0,58.707,59.26,58.02,2.978,5.6462,27.5,-10.546634703196325,2.640701141552512
Burundi,2005,World,Africa,Sub-Saharan Africa,108,BI,BDI,5.6,59.2,412.0,51.418,52.88,49.93,2.875,6.77,9.4,-17.835634703196327,3.764501141552511
Burundi,2010,World,Africa,Sub-Saharan Africa,108,BI,BDI,6.3,59.6,556.0,55.267,56.95,53.56,3.276,6.39,10.6,-13.986634703196323,3.3845011415525112
Burundi,2015,World,Africa,Sub-Saharan Africa,108,BI,BDI,7.4,61.0,751.0,58.917,60.68,57.13,3.159,5.95,12.1,-10.336634703196324,2.9445011415525117
Cambodia,2005,World,Asia,South-eastern Asia,116,KH,KHM,9.9,51.8,1317.0,60.781,62.96,58.51,1.76,3.44,19.2,-8.472634703196327,0.4345011415525115
Cambodia,2010,World,Asia,South-eastern Asia,116,KH,KHM,10.6,52.4,1523.0,65.117,67.35,62.73,1.507,3.0813,20.3,-4.1366347031963215,0.07580114155251172
Cambodia,2015,World,Asia,South-eastern Asia,116,KH,KHM,11.5,51.7,1779.0,67.612,69.55,65.5,1.622,2.7,22.2,-1.6416347031963312,-0.30549885844748825
Cameroon,2005,World,Africa,Sub-Saharan Africa,120,CM,CMR,10.2,21.1,1781.0,51.775,53.07,50.49,2.674,5.45,48.5,-17.478634703196327,2.4445011415525117
Cameroon,2010,World,Africa,Sub-Saharan Africa,120,CM,CMR,11.8,22.8,2349.0,53.972,55.04,52.89,2.744,5.25,51.6,-15.281634703196325,2.2445011415525116
Cameroon,2015,World,Africa,Sub-Saharan Africa,120,CM,CMR,13.6,24.8,3097.0,56.278,57.65,54.92,2.715,4.95,54.6,-12.975634703196327,1.9445011415525117
Canada,2005,World,Americas,Northern America,124,CA,CAN,3.5,4.3,1122.0,79.693,82.1,77.18,1.005,1.516,80.1,10.439365296803672,-1.4894988584474884
Canada,2010,World,Americas,Northern America,124,CA,CAN,3.6,4.4,1218.0,80.761,82.99,78.44,1.197,1.636,80.9,11.50736529680367,-1.3694988584474885
Canada,2015,World,Americas,Northern America,124,CA,CAN,3.6,4.5,1308.0,81.787,83.85,79.65,1.071,1.601,81.3,12.53336529680368,-1.4044988584474885
Central African Republic,2005,World,Africa,Sub-Saharan Africa,140,CF,CAF,15.6,41.0,644.0,44.099,45.27,42.92,2.075,5.45,38.1,-25.15463470319633,2.4445011415525117
Central African Republic,2010,World,Africa,Sub-Saharan Africa,140,CF,CAF,16.1,41.4,717.0,46.0,47.42,44.57,1.655,5.3,38.9,-23.253634703196326,2.2945011415525114
Central African Republic,2015,World,Africa,Sub-Saharan Africa,140,CF,CAF,17.6,43.6,798.0,48.913,50.51,47.31,0.479,5.1,40.3,-20.34063470319633,2.094501141552511
Chad,2005,World,Africa,Sub-Saharan Africa,148,TD,TCD,8.2,37.7,827.0,47.954,49.15,46.77,3.785,7.237,21.8,-21.299634703196325,4.231501141552512
Chad,2010,World,Africa,Sub-Saharan Africa,148,TD,TCD,8.3,37.9,991.0,49.512,50.71,48.32,3.374,6.853,22.0,-19.741634703196326,3.8475011415525113
Chad,2015,World,Africa,Sub-Saharan Africa,148,TD,TCD,8.5,37.6,1187.0,52.27,53.67,50.89,3.321,6.31,22.5,-16.983634703196323,3.304501141552511
Chile,2005,World,Americas,Latin America and the Caribbean,152,CL,CHL,37.3,43.0,6025.0,77.024,80.01,73.9,1.067,1.95,86.8,7.770365296803675,-1.0554988584474885
Chile,2010,World,Americas,Latin America and the Caribbean,152,CL,CHL,36.9,42.4,6269.0,78.192,81.09,75.14,1.059,1.898,87.1,8.938365296803667,-1.1074988584474885
Chile,2015,World,Americas,Latin America and the Caribbean,152,CL,CHL,36.7,42.0,6523.0,79.288,82.1,76.33,1.036,1.85,87.4,10.03436529680367,-1.1554988584474883
China,2005,World,Asia,Eastern Asia,156,CN,CHN,1.0,2.3,12991.0,72.257,74.09,70.59,0.614,1.61,42.5,3.003365296803679,-1.3954988584474883
China,2010,World,Asia,Eastern Asia,156,CN,CHN,1.2,2.5,16441.0,73.682,75.67,71.89,0.564,1.62,49.2,4.428365296803676,-1.3854988584474883
China,2015,World,Asia,Eastern Asia,156,CN,CHN,1.3,2.4,18421.0,75.14,77.45,73.07,0.548,1.64,55.5,5.886365296803675,-1.3654988584474885
"China, Hong Kong Special Administrative Region",2005,World,Asia,Eastern Asia,344,HK,HKG,100.0,100.0,6828.0,81.407,84.45,78.52,0.488,0.95,100.0,12.15336529680367,-2.0554988584474883
"China, Hong Kong Special Administrative Region",2010,World,Asia,Eastern Asia,344,HK,HKG,100.0,100.0,7025.0,82.428,85.49,79.46,0.573,1.0362,100.0,13.174365296803671,-1.9692988584474884
"China, Hong Kong Special Administrative Region",2015,World,Asia,Eastern Asia,344,HK,HKG,100.0,100.0,7246.0,83.404,86.4,80.48,0.621,1.2045,100.0,14.15036529680367,-1.8009988584474885
"China, Macao Special Administrative Region",2005,World,Asia,Eastern Asia,446,MO,MAC,100.0,100.0,483.0,80.97,83.6,78.2,2.422,0.85,100.0,11.716365296803673,-2.1554988584474883
"China, Macao Special Administrative Region",2010,World,Asia,Eastern Asia,446,MO,MAC,100.0,100.0,537.0,82.069,84.88,79.12,2.171,0.98,100.0,12.815365296803677,-2.0254988584474884
"China, Macao Special Administrative Region",2015,World,Asia,Eastern Asia,446,MO,MAC,100.0,100.0,601.0,83.285,86.19,80.29,2.243,1.19,100.0,14.03136529680367,-1.8154988584474885
Colombia,2005,World,Americas,Latin America and the Caribbean,170,CO,COL,16.9,22.2,7299.0,73.646,76.9,70.38,1.468,2.44,76.0,4.392365296803675,-0.5654988584474885
Colombia,2010,World,Americas,Latin America and the Caribbean,170,CO,COL,18.3,23.5,8418.0,74.828,77.91,71.73,1.173,2.1,78.0,5.574365296803677,-0.9054988584474883
Colombia,2015,World,Americas,Latin America and the Caribbean,170,CO,COL,20.1,25.2,9708.0,75.993,78.88,73.08,0.991,1.92,79.8,6.739365296803669,-1.0854988584474885
Congo,2005,World,Africa,Sub-Saharan Africa,178,CG,COG,34.1,56.0,1269.0,53.345,54.34,52.26,2.941,4.85,61.0,-15.908634703196327,1.8445011415525112
Congo,2010,World,Africa,Sub-Saharan Africa,178,CG,COG,35.9,56.8,1576.0,58.183,59.24,57.04,3.305,4.8,63.3,-11.070634703196326,1.7945011415525114
Congo,2015,World,Africa,Sub-Saharan Africa,178,CG,COG,39.2,59.8,1958.0,61.656,62.74,60.51,2.555,4.7,65.5,-7.597634703196327,1.6945011415525117
Costa Rica,2005,World,Americas,Latin America and the Caribbean,188,CR,CRI,26.2,39.9,1114.0,77.813,80.18,75.5,1.568,2.15,65.7,8.559365296803676,-0.8554988584474885
Costa Rica,2010,World,Americas,Latin America and the Caribbean,188,CR,CRI,26.4,36.9,1202.0,78.416,80.83,76.06,1.318,1.94,71.7,9.16236529680367,-1.0654988584474885
Costa Rica,2015,World,Americas,Latin America and the Caribbean,188,CR,CRI,27.0,35.1,1297.0,79.158,81.69,76.7,1.148,1.8507,76.9,9.904365296803675,-1.1547988584474884
Croatia,2005,World,Europe,Southern Europe,191,HR,HRV,15.8,29.0,690.0,74.937,78.43,71.36,-0.227,1.41,54.3,5.683365296803672,-1.5954988584474885
Croatia,2010,World,Europe,Southern Europe,191,HR,HRV,15.9,28.8,688.0,76.095,79.53,72.57,-0.229,1.522,55.2,6.841365296803673,-1.4834988584474884
Croatia,2015,World,Europe,Southern Europe,191,HR,HRV,16.2,28.9,687.0,77.449,80.62,74.21,-0.445,1.488,56.2,8.195365296803672,-1.5174988584474884
Cuba,2005,World,Americas,Latin America and the Caribbean,192,CU,CUB,19.3,25.4,2180.0,77.164,79.09,75.29,0.241,1.59,76.1,7.9103652968036755,-1.4154988584474884
Cuba,2010,World,Americas,Latin America and the Caribbean,192,CU,CUB,18.9,24.7,2143.0,78.11,80.14,76.13,-0.064,1.577,76.6,8.856365296803673,-1.4284988584474885
Cuba,2015,World,Americas,Latin America and the Caribbean,192,CU,CUB,18.5,24.1,2124.0,78.458,80.43,76.51,0.176,1.706,76.9,9.204365296803672,-1.2994988584474885
Czechia,2005,World,Europe,Eastern Europe,203,CZ,CZE,11.7,15.9,1199.0,75.533,78.78,72.21,-0.061,1.187,73.6,6.279365296803675,-1.8184988584474884
Czechia,2010,World,Europe,Eastern Europe,203,CZ,CZE,11.7,16.0,1234.0,76.986,80.09,73.79,0.535,1.4286,73.3,7.732365296803678,-1.5768988584474883
Czechia,2015,World,Europe,Eastern Europe,203,CZ,CZE,12.0,16.3,1269.0,78.161,81.15,75.11,0.123,1.4789,73.5,8.907365296803675,-1.5265988584474883
Democratic People's Republic of Korea,2005,World,Asia,Eastern Asia,408,KP,PRK,11.7,19.6,2805.0,68.061,71.46,64.18,0.833,2.0,59.8,-1.192634703196319,-1.0054988584474884
Democratic People's Republic of Korea,2010,World,Asia,Eastern Asia,408,KP,PRK,11.6,19.3,2861.0,68.441,71.75,64.8,0.532,1.95,60.4,-0.8126347031963235,-1.0554988584474885
Democratic People's Republic of Korea,2015,World,Asia,Eastern Asia,408,KP,PRK,11.8,19.2,2970.0,70.793,74.1,67.17,0.511,1.93,61.3,1.5393652968036804,-1.0754988584474885
Democratic Republic of the Congo,2005,World,Africa,Sub-Saharan Africa,180,CD,COD,13.9,37.0,7589.0,51.838,53.28,50.39,3.021,6.7167,37.5,-17.415634703196325,3.711201141552512
Democratic Republic of the Congo,2010,World,Africa,Sub-Saharan Africa,180,CD,COD,14.5,36.3,9382.0,55.482,56.92,54.04,3.284,6.6334,40.0,-13.771634703196327,3.6279011415525115
Democratic Republic of the Congo,2015,World,Africa,Sub-Saharan Africa,180,CD,COD,15.2,35.6,11598.0,58.101,59.53,56.67,3.326,6.4,42.7,-11.152634703196327,3.394501141552512
Denmark,2005,World,Europe,Northern Europe,208,DK,DNK,20.8,24.2,1127.0,77.341,79.63,75.01,0.299,1.76,85.9,8.087365296803668,-1.2454988584474884
Denmark,2010,World,Europe,Northern Europe,208,DK,DNK,21.5,24.7,1192.0,78.582,80.77,76.37,0.485,1.8537,86.8,9.328365296803668,-1.1517988584474885
Denmark,2015,World,Europe,Northern Europe,208,DK,DNK,22.3,25.5,1271.0,80.143,82.16,78.1,0.476,1.73,87.5,10.889365296803675,-1.2754988584474884
Djibouti,2005,World,Africa,Sub-Saharan Africa,262,DJ,DJI,56.5,73.6,442.0,57.292,58.78,55.85,1.751,4.21,76.8,-11.961634703196324,1.2045011415525115
Djibouti,2010,World,Africa,Sub-Saharan Africa,262,DJ,DJI,57.0,74.0,485.0,59.05,60.54,57.6,1.404,3.55,77.0,-10.203634703196329,0.5445011415525114
Djibouti,2015,World,Africa,Sub-Saharan Africa,262,DJ,DJI,57.3,74.0,531.0,61.555,63.24,60.04,1.684,3.1,77.4,-7.698634703196326,0.09450114155251166
Dominican Republic,2005,World,Americas,Latin America and the Caribbean,214,DO,DOM,24.9,36.9,2297.0,70.078,73.22,67.2,1.426,2.75,67.4,0.824365296803677,-0.25549885844748843
Dominican Republic,2010,World,Americas,Latin America and the Caribbean,214,DO,DOM,26.3,35.6,2601.0,71.446,74.64,68.52,1.273,2.57,73.8,2.192365296803672,-0.4354988584474886
Dominican Republic,2015,World,Americas,Latin America and the Caribbean,214,DO,DOM,28.0,35.6,2945.0,72.618,75.86,69.62,1.175,2.45,78.6,3.364365296803669,-0.5554988584474883
Ecuador,2005,World,Americas,Latin America and the Caribbean,218,EC,ECU,10.8,17.5,1479.0,73.526,76.54,70.66,1.729,2.94,61.7,4.27236529680367,-0.06549885844748848
Ecuador,2010,World,Americas,Latin America and the Caribbean,218,EC,ECU,10.7,17.1,1598.0,74.594,77.59,71.73,1.645,2.69,62.7,5.340365296803668,-0.3154988584474885
Ecuador,2015,World,Americas,Latin America and the Caribbean,218,EC,ECU,10.7,16.9,1734.0,75.586,78.48,72.81,1.539,2.56,63.4,6.3323652968036725,-0.4454988584474884
Egypt,2005,World,Africa,Northern Africa,818,EG,EGY,19.8,45.9,15174.0,68.984,71.41,66.65,1.856,3.15,43.0,-0.2696347031963313,0.14450114155251148
Egypt,2010,World,Africa,Northern Africa,818,EG,EGY,20.1,46.7,16899.0,69.867,72.21,67.62,1.83,3.02,43.0,0.6133652968036785,0.014501141552511587
Egypt,2015,World,Africa,Northern Africa,818,EG,EGY,20.1,46.9,18820.0,70.834,73.05,68.71,2.213,3.45,42.8,1.5803652968036772,0.44450114155251175
El Salvador,2005,World,Americas,Latin America and the Caribbean,222,SV,SLV,17.8,28.9,1074.0,69.574,74.08,64.99,0.55,2.7225,61.6,0.3203652968036721,-0.2829988584474883
El Salvador,2010,World,Americas,Latin America and the Caribbean,222,SV,SLV,17.6,26.9,1086.0,70.617,75.13,65.93,0.431,2.3952,65.5,1.3633652968036785,-0.6102988584474884
El Salvador,2015,World,Americas,Latin America and the Caribbean,222,SV,SLV,17.4,25.0,1099.0,71.818,76.32,67.04,0.452,2.17,69.7,2.564365296803672,-0.8354988584474885
Eritrea,2005,World,Africa,Sub-Saharan Africa,232,ER,ERI,14.1,45.2,558.0,56.699,58.79,54.7,4.19,5.1,31.1,-12.554634703196328,2.094501141552511
Eritrea,2010,World,Africa,Sub-Saharan Africa,232,ER,ERI,15.3,43.4,670.0,60.707,62.74,58.74,2.295,4.8,35.2,-8.546634703196325,1.7945011415525114
Eritrea,2015,World,Africa,Sub-Saharan Africa,232,ER,ERI,16.6,43.4,803.0,63.424,65.55,61.37,1.059,4.35,38.2,-5.8296347031963265,1.3445011415525112
Estonia,2005,World,Europe,Northern Europe,233,EE,EST,29.3,42.6,397.0,71.589,77.08,66.04,-0.631,1.391,68.7,2.3353652968036727,-1.6144988584474884
Estonia,2010,World,Europe,Northern Europe,233,EE,EST,29.6,43.5,394.0,73.778,79.03,68.32,-0.351,1.662,68.1,4.52436529680368,-1.3434988584474885
Estonia,2015,World,Europe,Northern Europe,233,EE,EST,31.6,46.3,416.0,76.763,81.23,71.85,-0.253,1.5908,68.4,7.509365296803679,-1.4146988584474884
Ethiopia,2005,World,Africa,Sub-Saharan Africa,231,ET,ETH,3.4,21.9,2634.0,53.614,54.96,52.31,2.844,6.18,15.7,-15.639634703196329,3.1745011415525113
Ethiopia,2010,World,Africa,Sub-Saharan Africa,231,ET,ETH,3.6,20.6,3126.0,59.08,60.63,57.57,2.759,5.45,17.3,-10.173634703196328,2.4445011415525117
Ethiopia,2015,World,Africa,Sub-Saharan Africa,231,ET,ETH,3.9,19.9,3871.0,63.697,65.51,61.92,2.805,4.85,19.4,-5.556634703196323,1.8445011415525112
Finland,2005,World,Europe,Northern Europe,246,FI,FIN,20.3,24.5,1067.0,78.396,81.74,74.93,0.272,1.754,82.9,9.142365296803675,-1.2514988584474884
Finland,2010,World,Europe,Northern Europe,246,FI,FIN,21.0,25.1,1126.0,79.541,82.91,76.12,0.402,1.8396,83.8,10.28736529680367,-1.1658988584474885
Finland,2015,World,Europe,Northern Europe,246,FI,FIN,22.3,26.2,1222.0,80.701,83.67,77.67,0.425,1.77,85.2,11.447365296803667,-1.2354988584474884
France,2005,World,Europe,Western Europe,250,FR,FRA,16.5,21.4,10092.0,79.601,83.21,75.91,0.701,1.8819,77.1,10.347365296803673,-1.1235988584474885
France,2010,World,Europe,Western Europe,250,FR,FRA,16.6,21.2,10460.0,80.952,84.31,77.46,0.568,1.9771,78.4,11.698365296803672,-1.0283988584474884
France,2015,World,Europe,Western Europe,250,FR,FRA,16.7,20.9,10734.0,81.939,85.04,78.7,0.494,1.9809,79.7,12.685365296803667,-1.0245988584474883
Gabon,2005,World,Africa,Sub-Saharan Africa,266,GA,GAB,40.1,48.7,563.0,57.622,58.88,56.32,2.48,4.35,82.5,-11.631634703196326,1.3445011415525112
Gabon,2010,World,Africa,Sub-Saharan Africa,266,GA,GAB,39.5,46.2,649.0,59.581,60.96,58.17,3.106,4.2,85.5,-9.672634703196323,1.1945011415525117
Gabon,2015,World,Africa,Sub-Saharan Africa,266,GA,GAB,38.7,43.9,747.0,63.347,64.8,61.88,3.633,4.1,88.1,-5.906634703196325,1.0945011415525112
Gambia,2005,World,Africa,Sub-Saharan Africa,270,GM,GMB,25.5,49.0,368.0,56.944,58.08,55.9,3.166,5.8,52.0,-12.309634703196323,2.7945011415525114
Gambia,2010,World,Africa,Sub-Saharan Africa,270,GM,GMB,23.3,41.8,393.0,58.851,60.16,57.63,2.996,5.65,55.7,-10.402634703196327,2.644501141552512
Gambia,2015,World,Africa,Sub-Saharan Africa,270,GM,GMB,21.3,35.9,420.0,60.319,61.64,59.06,3.024,5.5,59.2,-8.934634703196323,2.4945011415525116
Georgia,2005,World,Asia,Western Asia,268,GE,GEO,24.1,44.9,1081.0,70.437,74.05,66.67,-0.709,1.58,53.6,1.1833652968036716,-1.4254988584474884
Georgia,2010,World,Asia,Western Asia,268,GE,GEO,25.5,45.9,1079.0,70.745,75.32,66.16,-0.535,1.8,55.5,1.4913652968036786,-1.2054988584474884
Georgia,2015,World,Asia,Western Asia,268,GE,GEO,27.3,47.5,1078.0,72.306,76.76,67.82,-0.369,2.0,57.4,3.0523652968036714,-1.0054988584474884
Germany,2005,World,Europe,Western Europe,276,DE,DEU,4.2,5.5,3391.0,78.62,81.46,75.59,0.05,1.3513,76.0,9.366365296803679,-1.6541988584474885
Germany,2010,World,Europe,Western Europe,276,DE,DEU,4.3,5.5,3450.0,79.732,82.37,76.99,-0.191,1.3623,77.0,10.478365296803673,-1.6431988584474884
Germany,2015,World,Europe,Western Europe,276,DE,DEU,4.3,5.6,3514.0,80.445,82.91,77.94,0.236,1.427,77.2,11.191365296803667,-1.5784988584474884
Ghana,2005,World,Africa,Sub-Saharan Africa,288,GH,GHA,8.6,18.2,1854.0,57.503,58.3,56.7,2.471,4.6428,47.3,-11.750634703196326,1.6373011415525118
Ghana,2010,World,Africa,Sub-Saharan Africa,288,GH,GHA,8.4,16.6,2060.0,60.126,61.09,59.17,2.549,4.3653,50.7,-9.127634703196328,1.359801141552512
Ghana,2015,World,Africa,Sub-Saharan Africa,288,GH,GHA,8.3,15.3,2290.0,61.822,62.73,60.92,2.336,4.1803,54.1,-7.431634703196323,1.1748011415525115
Greece,2005,World,Europe,Southern Europe,300,GR,GRC,28.1,37.8,3180.0,79.122,81.89,76.41,0.256,1.2911,74.5,9.868365296803674,-1.7143988584474885
Greece,2010,World,Europe,Southern Europe,300,GR,GRC,27.7,36.3,3170.0,80.008,82.82,77.28,-0.61,1.4159,76.3,10.75436529680367,-1.5895988584474885
Greece,2015,World,Europe,Southern Europe,300,GR,GRC,28.2,36.1,3161.0,81.078,83.67,78.51,-0.423,1.3434,78.0,11.824365296803677,-1.6620988584474885
Guatemala,2005,World,Americas,Latin America and the Caribbean,320,GT,GTM,17.6,37.5,2302.0,68.943,72.1,65.74,2.339,4.3321,46.9,-0.31063470319632813,1.3266011415525112
Guatemala,2010,World,Americas,Latin America and the Caribbean,320,GT,GTM,17.5,36.2,2560.0,70.504,73.7,67.25,2.216,3.6213,48.4,1.250365296803679,0.6158011415525118
Guatemala,2015,World,Americas,Latin America and the Caribbean,320,GT,GTM,16.8,33.7,2738.0,72.44,75.6,69.22,2.103,3.1923,50.0,3.1863652968036718,0.18680114155251148
Guinea,2005,World,Africa,Sub-Saharan Africa,324,GN,GIN,13.9,43.1,1345.0,51.342,51.31,51.3,2.005,5.9118,32.3,-17.911634703196327,2.906301141552512
Guinea,2010,World,Africa,Sub-Saharan Africa,324,GN,GIN,14.1,41.8,1518.0,55.554,56.37,54.54,2.246,5.535,33.7,-13.699634703196324,2.5295011415525117
Guinea,2015,World,Africa,Sub-Saharan Africa,324,GN,GIN,14.2,40.3,1714.0,58.007,58.39,57.45,2.296,5.1345,35.1,-11.246634703196328,2.1290011415525116
Guinea-Bissau,2005,World,Africa,Sub-Saharan Africa,624,GW,GNB,24.3,63.8,336.0,51.354,53.79,48.83,2.259,5.6,38.2,-17.899634703196327,2.594501141552511
Guinea-Bissau,2010,World,Africa,Sub-Saharan Africa,624,GW,GNB,26.3,65.5,409.0,53.306,55.58,50.92,2.482,5.2,40.1,-15.947634703196329,2.1945011415525117
Guinea-Bissau,2015,World,Africa,Sub-Saharan Africa,624,GW,GNB,28.1,66.6,497.0,55.938,58.19,53.56,2.637,4.9,42.1,-13.315634703196324,1.894501141552512
Haiti,2005,World,Americas,Latin America and the Caribbean,332,HT,HTI,23.4,55.0,2171.0,57.744,59.66,55.84,1.658,4.08,42.6,-11.509634703196326,1.0745011415525116
Haiti,2010,World,Americas,Latin America and the Caribbean,332,HT,HTI,21.4,45.1,2141.0,59.65,61.58,57.72,1.576,3.62,47.5,-9.603634703196327,0.6145011415525117
Haiti,2015,World,Americas,Latin America and the Caribbean,332,HT,HTI,22.8,43.4,2439.0,61.405,63.52,59.3,1.446,3.26,52.4,-7.848634703196325,0.25450114155251136
Honduras,2005,World,Americas,Latin America and the Caribbean,340,HN,HND,12.0,24.6,882.0,71.36,73.65,69.09,2.524,3.8723,48.6,2.1063652968036735,0.8668011415525116
Honduras,2010,World,Americas,Latin America and the Caribbean,340,HN,HND,12.7,24.5,1043.0,72.657,75.01,70.31,2.179,3.2445,51.9,3.4033652968036705,0.2390011415525115
Honduras,2015,World,Americas,Latin America and the Caribbean,340,HN,HND,13.8,24.9,1233.0,73.937,76.31,71.56,1.827,2.7295,55.2,4.683365296803672,-0.2759988584474886
Hungary,2005,World,Europe,Eastern Europe,348,HU,HUN,17.4,26.2,1756.0,72.534,76.72,68.3,-0.265,1.295,66.4,3.28036529680368,-1.7104988584474885
Hungary,2010,World,Europe,Eastern Europe,348,HU,HUN,17.5,25.4,1734.0,73.742,77.79,69.58,-0.317,1.3288,68.9,4.4883652968036785,-1.6766988584474884
Hungary,2015,World,Europe,Eastern Europe,348,HU,HUN,17.8,25.3,1746.0,75.253,78.73,71.56,-0.303,1.3318,70.5,5.999365296803674,-1.6736988584474883
India,2005,World,Asia,Southern Asia,356,IN,IND,1.6,5.6,18691.0,63.497,64.34,62.7,1.653,3.1405,29.2,-5.756634703196326,0.13500114155251142
India,2010,World,Asia,Southern Asia,356,IN,IND,1.8,5.8,21988.0,65.528,66.43,64.68,1.456,2.7961,30.9,-3.72563470319632,-0.2093988584474884
India,2015,World,Asia,Southern Asia,356,IN,IND,2.0,6.0,25866.0,67.774,68.95,66.68,1.193,2.396,32.8,-1.479634703196325,-0.6094988584474885
Indonesia,2005,World,Asia,South-eastern Asia,360,ID,IDN,4.0,8.6,8988.0,66.403,67.99,64.81,1.35,2.525,45.9,-2.85063470319632,-0.4804988584474885
Indonesia,2010,World,Asia,South-eastern Asia,360,ID,IDN,4.0,8.0,9626.0,68.325,70.28,66.42,1.329,2.5,49.9,-0.9286347031963231,-0.5054988584474884
Indonesia,2015,World,Asia,South-eastern Asia,360,ID,IDN,3.9,7.4,10173.0,70.007,72.21,67.91,1.324,2.45,53.3,0.753365296803679,-0.5554988584474883
Iran (Islamic Republic of),2005,World,Asia,Southern Asia,364,IR,IRN,10.9,16.1,7652.0,71.147,72.33,70.02,1.223,1.9224,67.6,1.8933652968036796,-1.0830988584474883
Iran (Islamic Republic of),2010,World,Asia,Southern Asia,364,IR,IRN,10.8,15.3,8059.0,72.72,74.55,71.03,1.115,1.8209,70.6,3.466365296803673,-1.1845988584474885
Iran (Islamic Republic of),2015,World,Asia,Southern Asia,364,IR,IRN,10.8,14.7,8555.0,75.044,76.18,73.96,1.243,1.91,73.4,5.790365296803671,-1.0954988584474885
Iraq,2005,World,Asia,Western Asia,368,IQ,IRQ,19.7,28.7,5327.0,68.77,71.06,66.61,2.721,4.7147,68.8,-0.48363470319632995,1.7092011415525112
Iraq,2010,World,Asia,Western Asia,368,IQ,IRQ,18.4,26.6,5652.0,67.999,71.33,64.93,1.992,4.3994,69.1,-1.2546347031963307,1.3939011415525115
Iraq,2015,World,Asia,Western Asia,368,IQ,IRQ,17.6,25.2,6351.0,69.398,71.64,67.2,3.58,4.25,69.9,0.14436529680367016,1.2445011415525116
Ireland,2005,World,Europe,Northern Europe,372,IE,IRL,24.6,40.7,1037.0,77.836,80.38,75.3,1.809,1.9347,60.5,8.582365296803673,-1.0707988584474883
Ireland,2010,World,Europe,Northern Europe,372,IE,IRL,23.8,38.6,1100.0,79.684,81.99,77.36,1.902,2.0034,61.5,10.430365296803672,-1.0020988584474884
Ireland,2015,World,Europe,Northern Europe,372,IE,IRL,24.7,39.6,1163.0,80.612,82.51,78.69,0.426,1.9654,62.5,11.358365296803669,-1.0400988584474884
Israel,2005,World,Asia,Western Asia,376,IL,ISR,10.9,11.9,719.0,79.558,81.58,77.39,1.872,2.9111,91.5,10.304365296803681,-0.09439885844748863
Israel,2010,World,Asia,Western Asia,376,IL,ISR,10.5,11.5,781.0,80.937,82.77,78.96,2.358,2.927,91.8,11.683365296803672,-0.07849885844748838
Israel,2015,World,Asia,Western Asia,376,IL,ISR,10.6,11.5,858.0,81.906,83.66,80.02,1.651,3.044,92.2,12.65236529680368,0.03850114155251161
Italy,2005,World,Europe,Southern Europe,380,IT,ITA,6.5,9.6,3807.0,80.293,83.09,77.31,0.553,1.312,67.7,11.03936529680368,-1.6934988584474884
Italy,2010,World,Europe,Southern Europe,380,IT,ITA,6.6,9.7,3957.0,81.511,84.06,78.78,0.355,1.436,68.3,12.25736529680367,-1.5694988584474885
Italy,2015,World,Europe,Southern Europe,380,IT,ITA,6.9,9.9,4113.0,82.356,84.66,79.87,0.418,1.421,69.6,13.102365296803669,-1.5844988584474884
Jamaica,2005,World,Americas,Latin America and the Caribbean,388,JM,JAM,21.2,40.1,581.0,74.12,75.38,72.89,0.633,2.45,52.8,4.866365296803679,-0.5554988584474883
Jamaica,2010,World,Americas,Latin America and the Caribbean,388,JM,JAM,20.7,38.6,584.0,74.152,75.58,72.75,0.508,2.28,53.7,4.898365296803675,-0.7254988584474886
Jamaica,2015,World,Americas,Latin America and the Caribbean,388,JM,JAM,20.4,37.3,587.0,73.975,75.54,72.48,0.565,2.08,54.8,4.721365296803668,-0.9254988584474884
Japan,2005,World,Asia,Eastern Asia,392,JP,JPN,27.8,32.3,35622.0,81.796,85.16,78.26,0.125,1.298,86.0,12.54236529680368,-1.7074988584474884
Japan,2010,World,Asia,Eastern Asia,392,JP,JPN,28.7,31.6,36860.0,82.653,85.98,79.17,0.034,1.3388,90.8,13.39936529680368,-1.6666988584474884
Japan,2015,World,Asia,Eastern Asia,392,JP,JPN,29.1,31.9,37256.0,83.321,86.47,80.05,-0.087,1.4087,91.4,14.067365296803672,-1.5967988584474884
Jordan,2005,World,Asia,Western Asia,400,JO,JOR,19.2,24.1,1094.0,72.175,73.75,70.77,2.365,4.0,79.5,2.921365296803671,0.9945011415525116
Jordan,2010,World,Asia,Western Asia,400,JO,JOR,19.4,22.6,1397.0,73.0,74.63,71.52,4.614,3.8,86.1,3.746365296803674,0.7945011415525114
Jordan,2015,World,Asia,Western Asia,400,JO,JOR,19.5,21.6,1783.0,73.809,75.52,72.21,4.876,3.4,90.3,4.5553652968036715,0.3945011415525115
Kazakhstan,2005,World,Asia,Central Asia,398,KZ,KAZ,3.5,6.1,538.0,64.589,70.42,59.07,0.633,2.006,56.5,-4.664634703196327,-0.9994988584474886
Kazakhstan,2010,World,Asia,Central Asia,398,KZ,KAZ,4.0,7.1,664.0,66.076,71.9,60.55,1.074,2.5406,56.8,-3.1776347031963326,-0.46489885844748846
Kazakhstan,2015,World,Asia,Central Asia,398,KZ,KAZ,5.0,8.8,894.0,69.067,73.87,64.29,1.561,2.6733,57.2,-0.1866347031963329,-0.33219885844748864
Kenya,2005,World,Africa,Sub-Saharan Africa,404,KE,KEN,7.4,34.3,2677.0,51.687,53.89,49.58,2.722,5.0,21.7,-17.56663470319633,1.9945011415525116
Kenya,2010,World,Africa,Sub-Saharan Africa,404,KE,KEN,7.8,33.2,3237.0,58.487,60.28,56.66,2.753,4.65,23.6,-10.766634703196324,1.644501141552512
Kenya,2015,World,Africa,Sub-Saharan Africa,404,KE,KEN,8.3,32.3,3914.0,62.919,65.17,60.64,2.605,4.06,25.7,-6.334634703196329,1.0545011415525112
Kuwait,2005,World,Asia,Western Asia,414,KW,KWT,68.0,68.0,1548.0,73.324,74.49,72.57,2.088,2.6,100.0,4.070365296803672,-0.40549885844748834
Kuwait,2010,World,Asia,Western Asia,414,KW,KWT,66.5,66.5,1994.0,73.848,74.92,73.14,5.521,2.4,100.0,4.594365296803673,-0.6054988584474885
Kuwait,2015,World,Asia,Western Asia,414,KW,KWT,65.3,65.3,2568.0,74.86,75.92,74.11,4.968,2.1,100.0,5.6063652968036735,-0.9054988584474883
Kyrgyzstan,2005,World,Asia,Central Asia,417,KG,KGZ,15.7,44.5,798.0,66.896,70.95,62.98,0.619,2.5,35.3,-2.357634703196325,-0.5054988584474884
Kyrgyzstan,2010,World,Asia,Central Asia,417,KG,KGZ,15.6,44.1,844.0,67.474,71.72,63.5,1.322,2.78,35.3,-1.7796347031963222,-0.22549885844748863
Kyrgyzstan,2015,World,Asia,Central Asia,417,KG,KGZ,16.0,44.6,936.0,70.272,74.29,66.35,1.888,3.3,35.8,1.0183652968036796,0.2945011415525114
Lao People's Democratic Republic,2005,World,Asia,South-eastern Asia,418,LA,LAO,9.9,36.6,572.0,60.203,62.04,58.37,1.546,3.9,27.2,-9.050634703196323,0.8945011415525115
Lao People's Democratic Republic,2010,World,Asia,South-eastern Asia,418,LA,LAO,9.7,32.3,606.0,62.993,64.82,61.16,1.659,3.4,30.1,-6.260634703196324,0.3945011415525115
Lao People's Democratic Republic,2015,World,Asia,South-eastern Asia,418,LA,LAO,9.6,29.1,642.0,65.488,67.28,63.67,1.516,2.93,33.1,-3.7656347031963264,-0.07549885844748827
Latvia,2005,World,Europe,Northern Europe,428,LV,LVA,31.6,46.5,712.0,70.753,76.16,65.16,-1.141,1.2856,68.0,1.4993652968036741,-1.7198988584474884
Latvia,2010,World,Europe,Northern Europe,428,LV,LVA,31.4,46.2,665.0,71.552,76.98,65.96,-1.219,1.4926,67.8,2.2983652968036807,-1.5128988584474885
Latvia,2015,World,Europe,Northern Europe,428,LV,LVA,32.4,47.7,646.0,74.133,78.84,69.01,-1.178,1.4972,68.0,4.87936529680367,-1.5082988584474883
Lebanon,2005,World,Asia,Western Asia,422,LB,LBN,44.6,51.5,1777.0,75.705,77.44,73.91,4.022,2.2,86.6,6.451365296803672,-0.8054988584474883
Lebanon,2010,World,Asia,Western Asia,422,LB,LBN,45.9,52.5,1990.0,77.784,79.73,76.04,1.054,1.9,87.3,8.53036529680368,-1.1054988584474885
Lebanon,2015,World,Asia,Western Asia,422,LB,LBN,38.1,43.2,2229.0,78.644,80.61,76.86,5.536,2.08,88.1,9.39036529680368,-0.9254988584474884
Liberia,2005,World,Africa,Sub-Saharan Africa,430,LR,LBR,36.9,80.0,1202.0,52.774,53.85,51.7,2.44,5.65,46.1,-16.479634703196325,2.644501141552512
Liberia,2010,World,Africa,Sub-Saharan Africa,430,LR,LBR,26.7,55.9,1056.0,58.1,59.8,56.44,3.799,5.2,47.8,-11.153634703196325,2.1945011415525117
Liberia,2015,World,Africa,Sub-Saharan Africa,430,LR,LBR,28.2,56.6,1270.0,60.734,62.24,59.25,2.783,4.75,49.8,-8.519634703196324,1.7445011415525116
Libya,2005,World,Africa,Northern Africa,434,LY,LBY,18.3,23.7,1058.0,71.259,73.25,69.55,1.581,2.64,77.1,2.0053652968036744,-0.3654988584474883
Libya,2010,World,Africa,Northern Africa,434,LY,LBY,17.8,22.7,1095.0,72.335,74.86,70.14,1.331,2.5,78.1,3.0813652968036678,-0.5054988584474884
Libya,2015,World,Africa,Northern Africa,434,LY,LBY,18.2,22.9,1134.0,71.736,74.93,68.87,0.7,2.45,79.3,2.4823652968036782,-0.5554988584474883
Lithuania,2005,World,Europe,Northern Europe,440,LT,LTU,16.0,24.0,535.0,71.639,77.54,65.74,-0.921,1.2782,66.6,2.38536529680367,-1.7272988584474884
Lithuania,2010,World,Europe,Northern Europe,440,LT,LTU,16.8,25.2,526.0,71.865,77.8,65.98,-1.364,1.4174,66.8,2.611365296803669,-1.5880988584474884
Lithuania,2015,World,Europe,Northern Europe,440,LT,LTU,18.1,27.0,531.0,73.994,79.33,68.47,-1.268,1.594,67.2,4.740365296803674,-1.4114988584474883
Madagascar,2005,World,Africa,Sub-Saharan Africa,450,MG,MDG,8.5,29.5,1561.0,60.025,61.26,58.81,3.02,5.278,28.8,-9.228634703196327,2.272501141552511
Madagascar,2010,World,Africa,Sub-Saharan Africa,450,MG,MDG,9.6,29.9,2021.0,62.228,63.66,60.81,2.856,4.83,31.9,-7.025634703196324,1.8245011415525116
Madagascar,2015,World,Africa,Sub-Saharan Africa,450,MG,MDG,10.8,30.7,2618.0,64.505,66.0,63.02,2.721,4.4,35.2,-4.7486347031963305,1.394501141552512
Malawi,2005,World,Africa,Sub-Saharan Africa,454,MW,MWI,4.5,30.1,590.0,45.607,48.04,43.41,2.489,6.0,15.1,-23.646634703196327,2.9945011415525116
Malawi,2010,World,Africa,Sub-Saharan Africa,454,MW,MWI,4.8,31.0,731.0,51.314,54.02,48.74,2.822,5.73,15.5,-17.939634703196326,2.724501141552512
Malawi,2015,World,Africa,Sub-Saharan Africa,454,MW,MWI,5.2,31.6,905.0,59.559,62.51,56.64,2.825,4.88,16.3,-9.694634703196328,1.8745011415525115
Malaysia,2005,World,Asia,South-eastern Asia,458,MY,MYS,19.2,28.8,4927.0,73.085,75.35,71.03,2.044,2.4545,66.6,3.8313652968036678,-0.5509988584474885
Malaysia,2010,World,Asia,South-eastern Asia,458,MY,MYS,20.7,29.1,5810.0,74.026,76.27,72.01,1.87,2.216,70.9,4.77236529680367,-0.7894988584474882
Malaysia,2015,World,Asia,South-eastern Asia,458,MY,MYS,22.3,30.0,6851.0,74.962,77.19,72.99,1.412,2.1059,74.2,5.708365296803677,-0.8995988584474883
Mali,2005,World,Africa,Sub-Saharan Africa,466,ML,MLI,11.6,36.2,1486.0,49.959,50.6,49.32,3.09,6.85,32.1,-19.294634703196323,3.844501141552511
Mali,2010,World,Africa,Sub-Saharan Africa,466,ML,MLI,12.5,34.7,1886.0,54.024,54.65,53.39,3.276,6.7,36.0,-15.229634703196325,3.6945011415525117
Mali,2015,World,Africa,Sub-Saharan Africa,466,ML,MLI,12.7,31.8,2219.0,56.235,56.87,55.59,2.947,6.35,40.0,-13.018634703196327,3.344501141552511
Mauritania,2005,World,Africa,Sub-Saharan Africa,478,MR,MRT,21.8,51.9,684.0,60.935,62.77,59.05,2.792,5.302,42.1,-8.318634703196324,2.296501141552511
Mauritania,2010,World,Africa,Sub-Saharan Africa,478,MR,MRT,23.6,50.6,851.0,61.906,63.68,60.07,2.889,5.07,46.6,-7.347634703196327,2.064501141552512
Mauritania,2015,World,Africa,Sub-Saharan Africa,478,MR,MRT,25.3,49.5,1058.0,63.214,64.95,61.43,2.934,4.88,51.1,-6.039634703196327,1.8745011415525115
Mexico,2005,World,Americas,Latin America and the Caribbean,484,MX,MEX,17.8,23.3,19276.0,75.111,77.74,72.46,1.388,2.61,76.3,5.857365296803678,-0.39549885844748855
Mexico,2010,World,Americas,Latin America and the Caribbean,484,MX,MEX,17.2,22.1,20137.0,75.182,77.99,72.35,1.471,2.4,77.8,5.928365296803676,-0.6054988584474885
Mexico,2015,World,Americas,Latin America and the Caribbean,484,MX,MEX,17.0,21.4,21340.0,74.935,77.91,71.95,1.317,2.29,79.3,5.681365296803676,-0.7154988584474884
Mongolia,2005,World,Asia,Eastern Asia,496,MN,MNG,36.9,59.1,933.0,64.078,67.74,60.77,1.048,2.0759,62.5,-5.175634703196323,-0.9295988584474886
Mongolia,2010,World,Asia,Eastern Asia,496,MN,MNG,41.9,62.1,1138.0,66.139,70.27,62.36,1.476,2.3965,67.6,-3.11463470319633,-0.6089988584474884
Mongolia,2015,World,Asia,Eastern Asia,496,MN,MNG,45.8,67.2,1365.0,68.468,72.7,64.52,1.95,2.8396,68.2,-0.7856347031963224,-0.16589885844748853
Morocco,2005,World,Africa,Northern Africa,504,MA,MAR,5.4,9.7,1635.0,69.972,71.39,68.49,1.122,2.67,55.2,0.7183652968036682,-0.3354988584474885
Morocco,2010,World,Africa,Northern Africa,504,MA,MAR,5.3,9.1,1714.0,73.413,74.7,72.06,1.203,2.53,58.0,4.159365296803671,-0.4754988584474886
Morocco,2015,World,Africa,Northern Africa,504,MA,MAR,5.2,8.5,1796.0,75.029,76.3,73.7,1.386,2.6,60.8,5.77536529680367,-0.40549885844748834
Mozambique,2005,World,Africa,Sub-Saharan Africa,508,MZ,MOZ,5.1,17.1,1072.0,49.882,51.93,47.75,2.918,5.8,30.0,-19.371634703196328,2.7945011415525114
Mozambique,2010,World,Africa,Sub-Saharan Africa,508,MZ,MOZ,4.5,14.2,1097.0,51.093,53.29,48.8,2.764,5.537,31.8,-18.160634703196322,2.5315011415525115
Mozambique,2015,World,Africa,Sub-Saharan Africa,508,MZ,MOZ,3.9,11.4,1100.0,54.209,56.79,51.49,2.781,5.232,34.4,-15.044634703196323,2.2265011415525118
Myanmar,2005,World,Asia,South-eastern Asia,104,MM,MMR,0.3,1.1,148.0,60.868,63.88,57.86,0.933,2.8,27.9,-8.385634703196324,-0.2054988584474886
Myanmar,2010,World,Asia,South-eastern Asia,104,MM,MMR,0.5,1.6,234.0,62.441,65.81,59.08,0.663,2.5,28.9,-6.8126347031963235,-0.5054988584474884
Myanmar,2015,World,Asia,South-eastern Asia,104,MM,MMR,0.7,2.4,376.0,64.679,68.02,61.29,0.806,2.25,29.9,-4.574634703196324,-0.7554988584474884
Nepal,2005,World,Asia,Southern Asia,524,NP,NPL,3.1,20.3,790.0,63.866,65.02,62.66,1.452,3.4861,15.1,-5.387634703196326,0.48060114155251155
Nepal,2010,World,Asia,Southern Asia,524,NP,NPL,3.6,21.3,965.0,66.467,67.82,65.16,0.962,2.8134,16.8,-2.7866347031963272,-0.1920988584474883
Nepal,2015,World,Asia,Southern Asia,524,NP,NPL,4.1,22.2,1179.0,68.61,70.03,67.27,0.001,2.3178,18.6,-0.6436347031963265,-0.6876988584474883
Netherlands,2005,World,Europe,Western Europe,528,NL,NLD,6.3,7.6,1025.0,78.67,80.96,76.24,0.546,1.7396,82.6,9.416365296803676,-1.2658988584474884
Netherlands,2010,World,Europe,Western Europe,528,NL,NLD,6.4,7.3,1065.0,80.178,82.2,78.01,0.382,1.7461,87.1,10.924365296803671,-1.2593988584474884
Netherlands,2015,World,Europe,Western Europe,528,NL,NLD,6.5,7.2,1106.0,81.305,83.14,79.36,0.304,1.732,90.2,12.05136529680368,-1.2734988584474884
New Zealand,2005,World,Oceania,Australia and New Zealand,554,NZ,NZL,9.0,10.4,371.0,79.072,81.29,76.77,1.383,1.949,86.3,9.818365296803677,-1.0564988584474884
New Zealand,2010,World,Oceania,Australia and New Zealand,554,NZ,NZL,8.9,10.3,387.0,80.32,82.31,78.27,1.104,2.1418,86.2,11.066365296803667,-0.8636988584474885
New Zealand,2015,World,Oceania,Australia and New Zealand,554,NZ,NZL,8.7,10.1,402.0,81.321,83.11,79.5,1.089,2.0363,86.3,12.067365296803672,-0.9691988584474882
Nicaragua,2005,World,Americas,Latin America and the Caribbean,558,NI,NIC,16.9,30.3,910.0,70.534,73.54,67.49,1.407,2.91,55.9,1.28036529680368,-0.09549885844748829
Nicaragua,2010,World,Americas,Latin America and the Caribbean,558,NI,NIC,17.3,30.4,992.0,71.728,74.87,68.55,1.369,2.68,56.9,2.4743652968036685,-0.32549885844748827
Nicaragua,2015,World,Americas,Latin America and the Caribbean,558,NI,NIC,16.9,29.2,1027.0,73.1,76.38,69.78,1.326,2.54,57.9,3.8463652968036683,-0.4654988584474884
Niger,2005,World,Africa,Sub-Saharan Africa,562,NE,NER,6.0,37.1,821.0,51.569,52.29,50.87,3.686,7.65,16.2,-17.684634703196323,4.644501141552512
Niger,2010,World,Africa,Sub-Saharan Africa,562,NE,NER,5.8,35.8,954.0,55.337,56.23,54.48,3.786,7.55,16.2,-13.916634703196323,4.544501141552511
Niger,2015,World,Africa,Sub-Saharan Africa,562,NE,NER,5.6,34.3,1109.0,59.155,60.28,58.09,3.893,7.35,16.2,-10.098634703196325,4.344501141552511
Nigeria,2005,World,Africa,Sub-Saharan Africa,566,NG,NGA,0.9,2.4,1316.0,46.942,47.79,46.13,2.543,6.0512,39.1,-22.311634703196326,3.0457011415525113
Nigeria,2010,World,Africa,Sub-Saharan Africa,566,NG,NGA,1.1,2.6,1814.0,49.76,50.5,49.04,2.645,5.91,43.5,-19.493634703196328,2.9045011415525117
Nigeria,2015,World,Africa,Sub-Saharan Africa,566,NG,NGA,1.3,2.8,2442.0,51.95,52.76,51.17,2.67,5.74,47.8,-17.303634703196323,2.734501141552512
North Macedonia,2005,World,Europe,Southern Europe,807,MK,MKD,23.6,40.9,485.0,73.779,76.41,71.26,0.249,1.6375,57.5,4.52536529680367,-1.3679988584474885
North Macedonia,2010,World,Europe,Southern Europe,807,MK,MKD,25.2,44.1,521.0,74.168,76.27,72.12,0.101,1.46,57.1,4.91436529680368,-1.5454988584474885
North Macedonia,2015,World,Europe,Southern Europe,807,MK,MKD,26.9,46.9,560.0,75.161,77.23,73.14,0.083,1.5033,57.4,5.907365296803675,-1.5021988584474883
Norway,2005,World,Europe,Northern Europe,578,NO,NOR,17.7,22.7,818.0,79.333,81.82,76.78,0.583,1.8061,77.7,10.079365296803672,-1.1993988584474884
Norway,2010,World,Europe,Northern Europe,578,NO,NOR,18.4,23.2,898.0,80.602,82.83,78.3,1.066,1.9235,79.1,11.348365296803678,-1.0819988584474884
Norway,2015,World,Europe,Northern Europe,578,NO,NOR,18.6,23.0,969.0,81.606,83.63,79.53,1.246,1.8191,81.1,12.352365296803669,-1.1863988584474885
Oman,2005,World,Asia,Western Asia,512,OM,OMN,24.8,34.2,622.0,73.226,75.54,71.37,2.038,3.2,72.4,3.972365296803673,0.19450114155251175
Oman,2010,World,Asia,Western Asia,512,OM,OMN,23.7,31.6,721.0,75.06,77.51,73.19,3.831,2.9,75.2,5.806365296803676,-0.10549885844748852
Oman,2015,World,Asia,Western Asia,512,OM,OMN,28.1,34.6,1180.0,76.22,78.7,74.46,6.773,2.9,81.4,6.966365296803673,-0.10549885844748852
Pakistan,2005,World,Asia,Southern Asia,586,PK,PAK,0.4,1.3,676.0,63.442,64.35,62.63,2.377,4.7069,34.0,-5.811634703196326,1.7014011415525117
Pakistan,2010,World,Asia,Southern Asia,586,PK,PAK,0.5,1.3,804.0,64.493,65.45,63.62,2.254,4.1681,35.0,-4.760634703196331,1.1626011415525115
Pakistan,2015,World,Asia,Southern Asia,586,PK,PAK,0.5,1.4,957.0,66.024,66.99,65.13,2.114,3.7821,36.0,-3.229634703196325,0.7766011415525114
Panama,2005,World,Americas,Latin America and the Caribbean,591,PA,PAN,40.6,63.8,1352.0,75.485,78.11,73.01,1.887,2.6842,63.7,6.2313652968036735,-0.3212988584474883
Panama,2010,World,Americas,Latin America and the Caribbean,591,PA,PAN,41.3,63.4,1504.0,76.312,79.28,73.53,1.794,2.6322,65.1,7.058365296803672,-0.37329885844748834
Panama,2015,World,Americas,Latin America and the Caribbean,591,PA,PAN,42.2,63.2,1673.0,77.291,80.39,74.37,1.713,2.6002,66.7,8.03736529680367,-0.40529885844748836
Papua New Guinea,2005,World,Oceania,Melanesia,598,PG,PNG,4.5,34.0,281.0,59.803,61.18,58.52,2.1,4.385,13.1,-9.450634703196329,1.3795011415525114
Papua New Guinea,2010,World,Oceania,Melanesia,598,PG,PNG,4.4,33.7,312.0,61.317,62.73,59.99,2.366,4.133,13.0,-7.936634703196326,1.1275011415525116
Papua New Guinea,2015,World,Oceania,Melanesia,598,PG,PNG,4.4,33.5,345.0,62.728,64.13,61.42,2.07,3.8376,13.0,-6.525634703196324,0.8321011415525117
Paraguay,2005,World,Americas,Latin America and the Caribbean,600,PY,PRY,36.8,63.9,2134.0,71.171,73.2,69.24,1.799,3.2397,57.6,1.9173652968036805,0.2342011415525116
Paraguay,2010,World,Americas,Latin America and the Caribbean,600,PY,PRY,41.7,70.3,2587.0,72.133,74.23,70.16,1.405,2.8922,59.3,2.8793652968036696,-0.11329885844748855
Paraguay,2015,World,Americas,Latin America and the Caribbean,600,PY,PRY,44.7,73.6,2967.0,73.162,75.15,71.29,1.363,2.5988,60.8,3.90836529680368,-0.4066988584474882
Peru,2005,World,Americas,Latin America and the Caribbean,604,PE,PER,29.3,39.0,8081.0,72.063,74.36,69.75,1.036,2.72,75.0,2.8093652968036764,-0.28549885844748824
Peru,2010,World,Americas,Latin America and the Caribbean,604,PE,PER,30.4,39.7,8920.0,73.66,76.08,71.27,0.817,2.68,76.4,4.406365296803671,-0.32549885844748827
Peru,2015,World,Americas,Latin America and the Caribbean,604,PE,PER,31.3,40.4,9813.0,75.11,77.66,72.6,0.97,2.4,77.4,5.8563652968036735,-0.6054988584474885
Philippines,2005,World,Asia,South-eastern Asia,608,PH,PHL,12.5,27.3,10751.0,68.856,72.44,65.48,2.031,3.7,45.7,-0.39763470319633143,0.6945011415525117
Philippines,2010,World,Asia,South-eastern Asia,608,PH,PHL,12.7,28.0,11887.0,69.449,73.38,65.77,1.696,3.3,45.3,0.1953652968036721,0.2945011415525114
Philippines,2015,World,Asia,South-eastern Asia,608,PH,PHL,12.6,27.3,12860.0,70.231,74.61,66.23,1.663,3.05,46.3,0.9773652968036686,0.04450114155251139
Poland,2005,World,Europe,Eastern Europe,616,PL,POL,4.4,7.1,1684.0,74.595,78.77,70.38,-0.098,1.2587,61.5,5.341365296803673,-1.7467988584474885
Poland,2010,World,Europe,Eastern Europe,616,PL,POL,4.4,7.3,1703.0,75.559,79.8,71.29,-0.02,1.374,60.9,6.3053652968036715,-1.6314988584474883
Poland,2015,World,Europe,Eastern Europe,616,PL,POL,4.5,7.5,1740.0,77.146,81.15,73.07,-0.155,1.3338,60.3,7.892365296803675,-1.6716988584474883
Portugal,2005,World,Europe,Southern Europe,620,PT,PRT,25.9,45.1,2742.0,77.585,80.99,74.12,0.406,1.4513,57.5,8.331365296803668,-1.5541988584474884
Portugal,2010,World,Europe,Southern Europe,620,PT,PRT,26.4,43.6,2812.0,79.281,82.51,75.96,0.166,1.3718,60.6,10.02736529680368,-1.6336988584474885
Portugal,2015,World,Europe,Southern Europe,620,PT,PRT,27.7,43.6,2883.0,80.622,83.65,77.45,-0.434,1.2831,63.5,11.368365296803674,-1.7223988584474885
Puerto Rico,2005,World,Americas,Latin America and the Caribbean,630,PR,PRI,66.2,70.4,2493.0,76.79,80.88,72.69,-0.203,1.85,94.1,7.53636529680368,-1.1554988584474883
Puerto Rico,2010,World,Americas,Latin America and the Caribbean,630,PR,PRI,66.7,71.1,2478.0,77.939,81.77,74.01,-0.289,1.72,93.8,8.685365296803667,-1.2854988584474885
Puerto Rico,2015,World,Americas,Latin America and the Caribbean,630,PR,PRI,67.1,71.6,2463.0,79.135,82.7,75.43,-1.14,1.5,93.6,9.88136529680368,-1.5054988584474884
Qatar,2005,World,Asia,Western Asia,634,QA,QAT,43.1,44.3,373.0,77.827,79.36,76.85,7.578,2.95,97.4,8.573365296803672,-0.05549885844748825
Qatar,2010,World,Asia,Western Asia,634,QA,QAT,29.4,29.9,524.0,78.687,80.29,77.59,15.263,2.23,98.5,9.433365296803672,-0.7754988584474884
Qatar,2015,World,Asia,Western Asia,634,QA,QAT,23.8,24.0,590.0,79.482,81.13,78.26,6.473,2.0,98.9,10.228365296803673,-1.0054988584474884
Republic of Korea,2005,World,Asia,Eastern Asia,410,KR,KOR,20.2,24.8,9822.0,77.173,80.59,73.58,0.55,1.2137,81.3,7.919365296803676,-1.7917988584474884
Republic of Korea,2010,World,Asia,Eastern Asia,410,KR,KOR,19.8,24.1,9796.0,79.469,82.69,76.01,0.344,1.173,81.9,10.215365296803668,-1.8324988584474884
Republic of Korea,2015,World,Asia,Eastern Asia,410,KR,KOR,19.6,24.0,9897.0,81.267,84.43,77.87,0.509,1.2331,81.6,12.01336529680367,-1.7723988584474883
Republic of Moldova,2005,World,Europe,Eastern Europe,498,MD,MDA,14.1,32.9,585.0,67.622,71.57,63.64,-0.207,1.2378,42.8,-1.631634703196326,-1.7676988584474884
Republic of Moldova,2010,World,Europe,Eastern Europe,498,MD,MDA,13.6,31.9,555.0,68.273,72.1,64.4,-0.355,1.2704,42.6,-0.9806347031963298,-1.7350988584474885
Republic of Moldova,2015,World,Europe,Eastern Europe,498,MD,MDA,12.9,30.5,526.0,70.967,75.21,66.74,-0.075,1.275,42.5,1.7133652968036728,-1.7304988584474885
Romania,2005,World,Europe,Eastern Europe,642,RO,ROU,8.9,16.8,1912.0,71.468,75.19,67.9,-0.661,1.2945,53.2,2.2143652968036776,-1.7109988584474884
Romania,2010,World,Europe,Eastern Europe,642,RO,ROU,9.2,17.2,1889.0,73.076,76.74,69.51,-0.903,1.5099,53.8,3.8223652968036674,-1.4955988584474884
Romania,2015,World,Europe,Eastern Europe,642,RO,ROU,9.3,17.3,1849.0,74.943,78.41,71.49,-0.541,1.5108,53.9,5.689365296803672,-1.4946988584474885
Russian Federation,2005,World,Europe,Eastern Europe,643,RU,RUS,7.5,10.2,10751.0,64.95,71.98,58.63,-0.377,1.298,73.5,-4.303634703196323,-1.7074988584474884
Russian Federation,2010,World,Europe,Eastern Europe,643,RU,RUS,8.0,10.9,11461.0,67.143,73.69,60.97,-0.027,1.4562,73.7,-2.1106347031963253,-1.5492988584474885
Russian Federation,2015,World,Europe,Eastern Europe,643,RU,RUS,8.4,11.3,12049.0,70.271,75.96,64.55,0.209,1.6977,74.1,1.0173652968036748,-1.3077988584474884
Rwanda,2005,World,Africa,Sub-Saharan Africa,646,RW,RWA,7.4,43.9,668.0,50.411,51.37,49.4,2.164,5.4,16.9,-18.842634703196325,2.394501141552512
Rwanda,2010,World,Africa,Sub-Saharan Africa,646,RW,RWA,7.8,45.9,797.0,60.028,61.49,58.49,2.544,4.85,16.9,-9.225634703196327,1.8445011415525112
Rwanda,2015,World,Africa,Sub-Saharan Africa,646,RW,RWA,8.2,48.1,951.0,65.79,67.64,63.85,2.488,4.25,17.0,-3.4636347031963197,1.2445011415525116
Saudi Arabia,2005,World,Asia,Western Asia,682,SA,SAU,17.8,22.0,4252.0,73.014,74.71,71.57,2.84,3.65,81.0,3.76036529680367,0.6445011415525115
Saudi Arabia,2010,World,Asia,Western Asia,682,SA,SAU,19.0,23.2,5220.0,73.461,75.07,72.14,2.819,3.225,82.1,4.2073652968036725,0.21950114155251166
Saudi Arabia,2015,World,Asia,Western Asia,682,SA,SAU,19.7,23.7,6218.0,74.382,76.01,73.11,2.911,2.725,83.2,5.128365296803679,-0.28049885844748834
Senegal,2005,World,Africa,Sub-Saharan Africa,686,SN,SEN,19.0,45.5,2135.0,58.929,60.55,57.27,2.478,5.25,41.7,-10.324634703196324,2.2445011415525116
Senegal,2010,World,Africa,Sub-Saharan Africa,686,SN,SEN,18.8,42.9,2427.0,62.546,63.92,61.08,2.677,5.1,43.8,-6.707634703196327,2.094501141552511
Senegal,2015,World,Africa,Sub-Saharan Africa,686,SN,SEN,18.4,40.2,2758.0,65.743,67.52,63.82,2.793,5.0,45.9,-3.510634703196331,1.9945011415525116
Serbia,2005,World,Europe,Southern Europe,688,RS,SRB,14.1,26.2,1303.0,72.31,75.09,69.6,-0.629,1.7084,53.9,3.0563652968036763,-1.2970988584474885
Serbia,2010,World,Europe,Southern Europe,688,RS,SRB,14.8,26.9,1336.0,73.437,76.18,70.75,-0.446,1.5835,55.0,4.183365296803672,-1.4219988584474885
Serbia,2015,World,Europe,Southern Europe,688,RS,SRB,15.5,27.8,1369.0,74.752,77.42,72.12,-0.256,1.4612,55.7,5.498365296803669,-1.5442988584474884
Sierra Leone,2005,World,Africa,Sub-Saharan Africa,694,SL,SLE,13.9,37.6,786.0,42.031,42.71,41.33,4.164,6.1074,36.9,-27.222634703196327,3.1019011415525117
Sierra Leone,2010,World,Africa,Sub-Saharan Africa,694,SL,SLE,14.0,36.1,905.0,46.991,47.78,46.17,2.557,5.5651,38.9,-22.262634703196326,2.5596011415525117
Sierra Leone,2015,World,Africa,Sub-Saharan Africa,694,SL,SLE,14.4,35.3,1043.0,51.416,52.29,50.5,2.229,4.8418,40.8,-17.83763470319633,1.8363011415525117
Singapore,2005,World,Asia,South-eastern Asia,702,SG,SGP,100.0,100.0,4491.0,79.176,81.76,76.69,1.142,1.3481,100.0,9.922365296803676,-1.6573988584474884
Singapore,2010,World,Asia,South-eastern Asia,702,SG,SGP,100.0,100.0,5074.0,81.219,83.66,78.72,3.695,1.2571,100.0,11.965365296803668,-1.7483988584474883
Singapore,2015,World,Asia,South-eastern Asia,702,SG,SGP,100.0,100.0,5535.0,82.297,84.52,80.06,1.721,1.233,100.0,13.043365296803671,-1.7724988584474883
Slovakia,2005,World,Europe,Eastern Europe,703,SK,SVK,7.9,14.2,426.0,73.816,77.78,69.8,-0.001,1.2205,55.6,4.5623652968036765,-1.7849988584474885
Slovakia,2010,World,Europe,Eastern Europe,703,SK,SVK,7.7,14.0,414.0,74.773,78.63,70.83,0.02,1.317,54.7,5.51936529680367,-1.6884988584474885
Slovakia,2015,World,Europe,Eastern Europe,703,SK,SVK,7.8,14.4,422.0,76.229,79.81,72.51,0.116,1.38,53.9,6.975365296803673,-1.6254988584474885
Somalia,2005,World,Africa,Sub-Saharan Africa,706,SO,SOM,13.6,37.4,1415.0,51.492,53.1,49.98,3.267,7.47,36.3,-17.76163470319633,4.464501141552511
Somalia,2010,World,Africa,Sub-Saharan Africa,706,SO,SOM,11.2,28.6,1353.0,53.18,54.8,51.65,2.845,7.1,39.3,-16.073634703196326,4.094501141552511
Somalia,2015,World,Africa,Sub-Saharan Africa,706,SO,SOM,12.8,29.6,1783.0,54.856,56.51,53.28,2.718,6.61,43.2,-14.397634703196324,3.604501141552512
South Africa,2005,World,Africa,Sub-Saharan Africa,710,ZA,ZAF,2.7,4.6,1334.0,53.903,56.55,51.42,1.255,2.6125,59.5,-15.350634703196327,-0.3929988584474886
South Africa,2010,World,Africa,Sub-Saharan Africa,710,ZA,ZAF,3.2,5.2,1666.0,54.701,57.26,52.27,1.347,2.625,62.2,-14.552634703196325,-0.38049885844748843
South Africa,2015,World,Africa,Sub-Saharan Africa,710,ZA,ZAF,3.8,5.8,2081.0,60.952,64.24,57.81,1.565,2.55,64.8,-8.301634703196328,-0.4554988584474886
South Sudan,2005,World,Africa,Sub-Saharan Africa,728,SS,SSD,2.5,14.5,202.0,50.191,51.34,49.06,3.905,6.0,17.2,-19.062634703196323,2.9945011415525116
South Sudan,2010,World,Africa,Sub-Saharan Africa,728,SS,SSD,2.5,14.2,255.0,53.283,54.35,52.23,4.65,5.6,17.9,-15.970634703196325,2.594501141552511
South Sudan,2015,World,Africa,Sub-Saharan Africa,728,SS,SSD,2.7,14.3,321.0,56.058,57.51,54.64,2.391,5.15,18.9,-13.195634703196326,2.144501141552512
Spain,2005,World,Europe,Southern Europe,724,ES,ESP,12.2,15.8,5383.0,79.906,83.28,76.53,1.507,1.2773,77.3,10.65236529680368,-1.7281988584474883
Spain,2010,World,Europe,Southern Europe,724,ES,ESP,12.4,15.8,5787.0,81.222,84.35,78.06,1.281,1.454,78.4,11.968365296803668,-1.5514988584474885
Spain,2015,World,Europe,Southern Europe,724,ES,ESP,13.4,16.8,6221.0,82.506,85.32,79.63,-0.111,1.3252,79.6,13.252365296803674,-1.6802988584474885
Sri Lanka,2005,World,Asia,Southern Asia,144,LK,LKA,3.1,17.2,614.0,73.897,77.64,70.45,0.801,2.262,18.3,4.64336529680368,-0.7434988584474884
Sri Lanka,2010,World,Asia,Southern Asia,144,LK,LKA,2.8,15.6,574.0,74.934,78.51,71.49,0.72,2.279,18.2,5.6803652968036715,-0.7264988584474885
Sri Lanka,2015,World,Asia,Southern Asia,144,LK,LKA,2.8,15.4,581.0,75.888,79.31,72.45,0.628,2.2135,18.3,6.634365296803679,-0.7919988584474886
Sudan,2005,World,Africa,Northern Africa,729,SD,SDN,12.9,39.3,3979.0,59.46,61.47,57.54,2.528,5.3,32.8,-9.793634703196325,2.2945011415525114
Sudan,2010,World,Africa,Northern Africa,729,SD,SDN,13.1,39.7,4517.0,61.624,63.5,59.81,2.198,5.0,33.1,-7.629634703196324,1.9945011415525116
Sudan,2015,World,Africa,Northern Africa,729,SD,SDN,13.3,39.2,5128.0,63.757,65.48,62.07,2.376,4.75,33.9,-5.496634703196328,1.7445011415525116
Sweden,2005,World,Europe,Northern Europe,752,SE,SWE,13.8,16.4,1248.0,80.125,82.31,77.87,0.35,1.6703,84.3,10.871365296803674,-1.3351988584474885
Sweden,2010,World,Europe,Northern Europe,752,SE,SWE,14.5,17.0,1360.0,81.064,83.07,79.0,0.763,1.8905,85.1,11.810365296803667,-1.1149988584474884
Sweden,2015,World,Europe,Northern Europe,752,SE,SWE,15.3,17.7,1495.0,81.92,83.76,80.04,0.783,1.902,86.6,12.666365296803676,-1.1034988584474885
Switzerland,2005,World,Europe,Western Europe,756,CH,CHE,5.0,6.7,367.0,80.491,83.08,77.72,0.669,1.4079,73.5,11.237365296803674,-1.5975988584474885
Switzerland,2010,World,Europe,Western Europe,756,CH,CHE,4.9,6.7,387.0,81.781,84.09,79.29,1.111,1.4692,73.6,12.52736529680368,-1.5362988584474884
Switzerland,2015,World,Europe,Western Europe,756,CH,CHE,4.9,6.7,409.0,82.691,84.75,80.5,1.213,1.5258,73.7,13.437365296803677,-1.4796988584474884
Syrian Arab Republic,2005,World,Asia,Western Asia,760,SY,SYR,12.0,22.4,2200.0,73.583,75.93,71.36,2.246,3.9,53.8,4.329365296803672,0.8945011415525115
Syrian Arab Republic,2010,World,Asia,Western Asia,760,SY,SYR,11.4,20.5,2401.0,74.452,77.27,72.01,3.028,3.7,55.6,5.198365296803672,0.6945011415525117
Syrian Arab Republic,2015,World,Asia,Western Asia,760,SY,SYR,11.9,22.7,2223.0,69.873,76.29,64.38,-3.428,3.1,52.2,0.6193652968036787,0.09450114155251166
Tajikistan,2005,World,Asia,Central Asia,762,TJ,TJK,9.3,35.2,640.0,64.08,66.23,62.11,1.763,3.718,26.5,-5.173634703196328,0.7125011415525115
Tajikistan,2010,World,Asia,Central Asia,762,TJ,TJK,9.4,35.6,721.0,67.731,70.06,65.62,2.064,3.6086,26.5,-1.5226347031963314,0.6031011415525116
Tajikistan,2015,World,Asia,Central Asia,762,TJ,TJK,9.5,35.5,812.0,69.388,71.84,67.16,2.322,3.6075,26.7,0.13436529680367926,0.6020011415525115
Thailand,2005,World,Asia,South-eastern Asia,764,TH,THA,11.1,29.7,7272.0,71.221,74.9,67.7,0.768,1.6026,37.4,1.9673652968036777,-1.4028988584474884
Thailand,2010,World,Asia,South-eastern Asia,764,TH,THA,12.3,28.1,8269.0,73.15,76.59,69.82,0.537,1.5563,43.9,3.8963652968036797,-1.4491988584474884
Thailand,2015,World,Asia,South-eastern Asia,764,TH,THA,13.7,28.7,9403.0,75.178,78.87,71.59,0.447,1.5346,47.7,5.924365296803671,-1.4708988584474885
Togo,2005,World,Africa,Sub-Saharan Africa,768,TG,TGO,23.1,65.8,1315.0,53.881,54.7,53.04,2.613,5.3064,35.2,-15.372634703196326,2.3009011415525116
Togo,2010,World,Africa,Sub-Saharan Africa,768,TG,TGO,22.6,60.1,1466.0,55.801,56.45,55.13,2.697,5.0358,37.5,-13.452634703196324,2.0303011415525116
Togo,2015,World,Africa,Sub-Saharan Africa,768,TG,TGO,22.0,55.0,1635.0,59.076,59.8,58.33,2.627,4.6895,40.1,-10.177634703196325,1.6840011415525113
Trinidad and Tobago,2005,World,Americas,Latin America and the Caribbean,780,TT,TTO,42.2,76.8,547.0,70.046,72.53,67.65,0.458,1.75,55.0,0.7923652968036805,-1.2554988584474884
Trinidad and Tobago,2010,World,Americas,Latin America and the Caribbean,780,TT,TTO,41.1,76.1,546.0,71.338,74.17,68.61,0.482,1.8,54.0,2.084365296803668,-1.2054988584474884
Trinidad and Tobago,2015,World,Americas,Latin America and the Caribbean,780,TT,TTO,40.1,75.2,545.0,72.483,75.23,69.81,0.625,1.7959,53.3,3.229365296803678,-1.2095988584474884
Tunisia,2005,World,Africa,Northern Africa,788,TN,TUN,18.4,28.2,1859.0,73.722,76.3,71.44,0.804,2.04,65.2,4.468365296803668,-0.9654988584474884
Tunisia,2010,World,Africa,Northern Africa,788,TN,TUN,18.9,28.4,2014.0,74.634,77.19,72.3,1.019,2.0239,66.7,5.380365296803674,-0.9815988584474886
Tunisia,2015,World,Africa,Northern Africa,788,TN,TUN,19.4,28.5,2183.0,75.452,77.59,73.4,0.999,2.2521,68.1,6.198365296803672,-0.7533988584474884
Turkmenistan,2005,World,Asia,Central Asia,795,TM,TKM,12.4,26.4,592.0,64.225,68.23,60.34,1.029,2.755,47.1,-5.028634703196332,-0.25049885844748854
Turkmenistan,2010,World,Asia,Central Asia,795,TM,TKM,13.1,27.1,668.0,65.868,69.59,62.24,1.352,2.65,48.5,-3.385634703196331,-0.3554988584474885
Turkmenistan,2015,World,Asia,Central Asia,795,TM,TKM,13.5,26.9,753.0,67.302,70.76,63.89,1.796,3.0,50.3,-1.9516347031963193,-0.0054988584474884306
Trkiye,2005,World,Asia,Western Asia,792,TR,TUR,5.4,7.9,3638.0,71.372,74.89,67.97,1.423,2.3735,67.8,2.118365296803674,-0.6319988584474885
Trkiye,2010,World,Asia,Western Asia,792,TR,TUR,5.8,8.1,4166.0,73.37,76.91,69.92,1.262,2.2018,70.8,4.116365296803679,-0.8036988584474885
Trkiye,2015,World,Asia,Western Asia,792,TR,TUR,5.9,8.0,4633.0,75.592,78.69,72.45,1.646,2.121,73.6,6.338365296803673,-0.8844988584474884
Uganda,2005,World,Africa,Sub-Saharan Africa,800,UG,UGA,5.5,32.6,1576.0,49.017,51.72,46.39,3.15,6.745,17.0,-20.236634703196323,3.7395011415525117
Uganda,2010,World,Africa,Sub-Saharan Africa,800,UG,UGA,5.9,30.7,2016.0,54.409,56.2,52.52,3.163,6.38,19.4,-14.844634703196327,3.3745011415525115
Uganda,2015,World,Africa,Sub-Saharan Africa,800,UG,UGA,6.4,29.1,2577.0,59.46,61.14,57.66,3.289,5.78,22.1,-9.793634703196325,2.774501141552512
Ukraine,2005,World,Europe,Eastern Europe,804,UA,UKR,5.7,8.4,2673.0,67.458,73.35,61.85,-0.814,1.1455,67.8,-1.7956347031963276,-1.8599988584474885
Ukraine,2010,World,Europe,Eastern Europe,804,UA,UKR,6.1,8.9,2795.0,67.887,73.79,62.25,-0.474,1.3828,68.6,-1.3666347031963255,-1.6226988584474884
Ukraine,2015,World,Europe,Eastern Europe,804,UA,UKR,6.5,9.4,2895.0,70.909,75.85,65.83,-0.384,1.4889,69.1,1.65536529680368,-1.5165988584474885
United Arab Emirates,2005,World,Asia,Western Asia,784,AE,ARE,14.3,17.4,655.0,74.862,76.31,74.06,7.623,2.4,82.3,5.608365296803669,-0.6054988584474885
United Arab Emirates,2010,World,Asia,Western Asia,784,AE,ARE,11.0,13.1,912.0,75.863,77.29,75.12,12.449,1.97,84.1,6.609365296803674,-1.0354988584474885
United Arab Emirates,2015,World,Asia,Western Asia,784,AE,ARE,13.1,15.3,1203.0,76.792,78.23,76.11,1.602,1.695,85.7,7.538365296803676,-1.3104988584474884
United Kingdom of Great Britain and Northern Ireland,2005,World,Europe,Northern Europe,826,GB,GBR,12.4,15.6,7501.0,78.405,80.64,76.07,0.458,1.655,79.9,9.151365296803675,-1.3504988584474884
United Kingdom of Great Britain and Northern Ireland,2010,World,Europe,Northern Europe,826,GB,GBR,12.7,15.6,8044.0,79.686,81.75,77.53,1.025,1.8616,81.3,10.432365296803681,-1.1438988584474885
United Kingdom of Great Britain and Northern Ireland,2015,World,Europe,Northern Europe,826,GB,GBR,13.2,16.0,8661.0,80.867,82.73,78.94,0.743,1.8662,82.6,11.613365296803678,-1.1392988584474883
United States of America,2005,World,Americas,Northern America,840,US,USA,1.4,1.8,4264.0,77.178,79.74,74.54,0.921,2.042,79.9,7.924365296803671,-0.9634988584474886
United States of America,2010,World,Americas,Northern America,840,US,USA,1.5,1.8,4604.0,78.192,80.66,75.66,0.929,2.0553,80.8,8.938365296803667,-0.9501988584474885
United States of America,2015,World,Americas,Northern America,840,US,USA,1.6,1.9,4972.0,78.941,81.32,76.52,0.754,1.875,81.7,9.687365296803677,-1.1304988584474884
Uruguay,2005,World,Americas,Latin America and the Caribbean,858,UY,URY,48.5,52.0,1613.0,75.225,78.9,71.47,0.012,2.18,93.3,5.971365296803668,-0.8254988584474883
Uruguay,2010,World,Americas,Latin America and the Caribbean,858,UY,URY,49.2,52.1,1659.0,76.376,80.02,72.57,0.224,2.03,94.4,7.122365296803679,-0.9754988584474886
Uruguay,2015,World,Americas,Latin America and the Caribbean,858,UY,URY,49.8,52.4,1707.0,77.049,80.67,73.22,0.312,2.01,95.0,7.795365296803681,-0.9954988584474886
Uzbekistan,2005,World,Asia,Central Asia,860,UZ,UZB,8.2,16.9,2169.0,67.734,71.01,64.54,1.296,2.5126,48.5,-1.5196347031963313,-0.4928988584474885
Uzbekistan,2010,World,Asia,Central Asia,860,UZ,UZB,7.8,15.4,2244.0,69.102,72.21,66.08,1.521,2.49,51.0,-0.1516347031963221,-0.5154988584474882
Uzbekistan,2015,World,Asia,Central Asia,860,UZ,UZB,7.7,15.1,2379.0,70.229,72.68,67.81,1.625,2.43,50.8,0.9753652968036732,-0.5754988584474883
Venezuela (Bolivarian Republic of),2005,World,Americas,Latin America and the Caribbean,862,VE,VEN,10.8,12.3,2886.0,72.571,76.54,68.87,1.771,2.723,88.0,3.317365296803672,-0.28249885844748857
Venezuela (Bolivarian Republic of),2010,World,Americas,Latin America and the Caribbean,862,VE,VEN,10.0,11.3,2899.0,72.994,76.99,69.25,1.464,2.547,88.1,3.740365296803674,-0.4584988584474883
Venezuela (Bolivarian Republic of),2015,World,Americas,Latin America and the Caribbean,862,VE,VEN,9.4,10.6,2920.0,73.069,77.01,69.36,1.123,2.4047,88.2,3.8153652968036766,-0.6007988584474884
Viet Nam,2005,World,Asia,South-eastern Asia,704,VN,VNM,2.6,9.4,2160.0,73.495,78.1,68.9,0.958,1.9206,27.3,4.241365296803679,-1.0848988584474883
Viet Nam,2010,World,Asia,South-eastern Asia,704,VN,VNM,3.2,10.4,2811.0,74.593,78.67,70.44,0.963,1.9279,30.4,5.3393652968036776,-1.0775988584474885
Viet Nam,2015,World,Asia,South-eastern Asia,704,VN,VNM,3.9,11.6,3657.0,74.962,79.06,70.83,1.043,1.9624,33.8,5.708365296803677,-1.0430988584474885
Yemen,2005,World,Asia,Western Asia,887,YE,YEM,8.5,29.2,1741.0,62.061,63.65,60.56,2.882,5.9,28.9,-7.192634703196326,2.894501141552512
Yemen,2010,World,Asia,Western Asia,887,YE,YEM,8.8,27.8,2084.0,64.706,66.35,63.13,2.822,5.0,31.8,-4.547634703196323,1.9945011415525116
Yemen,2015,World,Asia,Western Asia,887,YE,YEM,9.3,26.7,2495.0,65.995,67.7,64.34,2.697,4.4,34.8,-3.2586347031963214,1.394501141552512
Zambia,2005,World,Africa,Sub-Saharan Africa,894,ZM,ZMB,11.3,30.5,1357.0,46.007,48.14,43.97,2.59,5.95,36.9,-23.246634703196328,2.9445011415525117
Zambia,2010,World,Africa,Sub-Saharan Africa,894,ZM,ZMB,12.4,31.6,1723.0,51.75,53.95,49.57,2.753,5.6,39.4,-17.503634703196326,2.594501141552511
Zambia,2015,World,Africa,Sub-Saharan Africa,894,ZM,ZMB,13.6,32.4,2187.0,59.291,61.46,57.03,3.09,5.2,41.9,-9.96263470319633,2.1945011415525117
Zimbabwe,2005,World,Africa,Sub-Saharan Africa,716,ZW,ZWE,11.2,32.8,1450.0,43.735,45.62,41.96,0.326,3.72,34.1,-25.518634703196327,0.7145011415525118
Zimbabwe,2010,World,Africa,Sub-Saharan Africa,716,ZW,ZWE,10.5,31.5,1475.0,45.017,46.68,43.34,1.003,3.8854,33.2,-24.236634703196323,0.8799011415525118
Zimbabwe,2015,World,Africa,Sub-Saharan Africa,716,ZW,ZWE,9.5,29.4,1500.0,56.71,58.26,54.88,1.686,4.0897,32.4,-12.543634703196325,1.0842011415525112
